Region;N;Nbal
1;1311000;1337360.79049978
2;2842000;2807508.06458134
3;16075000;15968377.7659333
