Region1;Region2;N;Nbal
1;2;6000;6064.48778507321
1;3;15000;15133.7009503615
1;E;4000;4030.00236062116
2;1;31000;30666.8131104551
2;3;17000;16968.8123527023
2;E;12000;11961.0315117171
3;1;2000;1982.17320661847
3;2;6000;6011.00740492862
3;E;44000;43937.8365124391
E;1;8000;7939.99527875767
E;2;9000;9029.2263662122
E;3;146000;146206.269754179
