Region;N
1;1337360.79049978
2;2807508.06458134
3;15968377.7659333
