Region1;Region2;N;Nbal
1;2;25000;24696.9595425062
1;3;-13000;-13126.3760511179
1;E;4000;3962.38474637233
2;1;-25000;-24696.9595425062
2;3;-11000;-10975.3339892742
2;E;-3000;-2985.31219686768
3;1;13000;13126.3760511179
3;2;11000;10975.3339892742
3;E;102000;102198.388616264
E;1;-4000;-3962.38474637233
E;2;3000;2985.31219686768
E;3;-102000;-102198.388616264
