Region1;Region2;N;Nbal
1;2;6000;6049.1416958098
1;3;15000;15111.5082803982
1;E;4000;4012.53841787589
2;1;31000;30746.101238316
2;3;17000;16981.7686007679
2;E;12000;11991.6069696387
3;1;2000;1985.13222928024
3;2;6000;6006.4346114937
3;E;44000;43954.0573730758
E;1;8000;7974.92316424822
E;2;9000;9006.294772771
E;3;146000;146152.445989339
