Region;N;Nbal
1;1311000;1337532.96823776
2;2842000;2807342.39427135
3;16075000;15968300.0986567
