Region;N
1;1337532.96823776
2;2807342.39427135
3;15968300.0986567
